<?xml version="1.0" encoding="UTF-8"?>
<model package="counters" baseClass="xPDOObject" platform="mysql" defaultEngine="InnoDB" phpdoc-package="counters"
       version="1.1">

    <object class="CountersItem" table="counters_items" extends="xPDOSimpleObject">
        <field key="name" dbtype="varchar" precision="100" phptype="string" null="false" default=""/>
        <field key="context" dbtype="varchar" precision="100" phptype="string" null="true" default="web"/>
        <field key="content" dbtype="text" phptype="string" null="true" default=""/>
        <field key="position" dbtype="text" phptype="string" null="true" default=""/>
        <field key="active" dbtype="tinyint" precision="1" phptype="boolean" null="true" default="1"/>
        <field key="all_context" dbtype="tinyint" precision="1" phptype="boolean" null="true" default="0"/>

        <index alias="name" name="name" primary="false" unique="false" type="BTREE">
            <column key="name" length="" collation="A" null="false"/>
        </index>
        <index alias="active" name="active" primary="false" unique="false" type="BTREE">
            <column key="active" length="" collation="A" null="false"/>
        </index>
    </object>

</model>